year,avg_rating,total_votes
2009,7.75,80967
2010,8.4,558902
2011,8.4,3657843
2012,7.7,177890
2013,8.03636363636364,1858753
2014,8.22727272727273,1284556
2015,8.0,720666
2016,7.42,563346
2017,8.08333333333333,1598324
2018,7.6,466601
2019,8.3,1744538
2020,6.8,293741
2021,6.08333333333333,106163
2022,6.91666666666667,467693
